id,title,description,link,price,availability,condition,brand,product_category,unit,standard,fulfillment_lead
MVS-RG-1000,Non-Penetrating Roof Guardrail — 10 ft Section,"Top rail 42 in ±3 in, withstands 200 lb applied outward or downward. No roof penetration — counterweighted base.",https://mistyvalleysupply.com/#/p/MVS-RG-1000,289.00 USD,in_stock,new,Misty Valley Supply,Roof Safety,section,OSHA 1926.502(b),3–5 days
MVS-RG-BASE,Guardrail Counterweight Base — 90 lb,Rubber-footed cast base. Spacing per manufacturer's engineered layout — do not eyeball it.,https://mistyvalleysupply.com/#/p/MVS-RG-BASE,148.00 USD,in_stock,new,Misty Valley Supply,Roof Safety,each,OSHA 1926.502(b),3–5 days
MVS-WL-600,Warning Line System — 600 ft Kit,"Stanchions plus line. Erected not less than 6 ft from edge, flagged at 6 ft intervals, 34–39 in high.",https://mistyvalleysupply.com/#/p/MVS-WL-600,1240.00 USD,in_stock,new,Misty Valley Supply,Roof Safety,kit,OSHA 1926.502(f),5–7 days
MVS-SKY-48,Skylight Screen — 4 ft × 8 ft,Covers capable of supporting twice the maximum intended load. Marked HOLE or COVER.,https://mistyvalleysupply.com/#/p/MVS-SKY-48,412.00 USD,made_to_order,new,Misty Valley Supply,Roof Safety,each,OSHA 1926.502(i),7–10 days
MVS-ANC-DL,Reusable Roof Anchor — Standing Seam Clamp,"5,000 lb anchorage per attached worker, or engineered to 2:1 with a qualified person.",https://mistyvalleysupply.com/#/p/MVS-ANC-DL,386.00 USD,in_stock,new,Misty Valley Supply,Roof Safety,each,ANSI/ASSP Z359.18 Type A,4–6 days
MVS-YG-10,Yellow Steel Guardrail — 10 ft Rail,"Powder-coated safety yellow. Top rail 42 in, mid rail at 21 in, toe board where material can fall.",https://mistyvalleysupply.com/#/p/MVS-YG-10,172.00 USD,in_stock,new,Misty Valley Supply,Guardrail Systems,each,OSHA 1926.502(b),5–8 days
MVS-YG-POST,"Guardrail Post — Bolt-Down, Yellow",Baseplate with four anchors. Deflection under 200 lb must not bring top rail below 39 in.,https://mistyvalleysupply.com/#/p/MVS-YG-POST,96.00 USD,in_stock,new,Misty Valley Supply,Guardrail Systems,each,OSHA 1926.502(b),5–8 days
MVS-YG-TOE,"Toe Board — 4 in × 10 ft, Yellow","Minimum 3½ in vertical, withstands 50 lb. Required wherever people work or pass below.",https://mistyvalleysupply.com/#/p/MVS-YG-TOE,64.00 USD,in_stock,new,Misty Valley Supply,Guardrail Systems,each,OSHA 1926.502(j),5–8 days
MVS-HOLE-4,"Floor Hole Cover — 4 ft × 4 ft, Marked",Secured against displacement. Pre-marked HOLE. Twice the maximum intended load.,https://mistyvalleysupply.com/#/p/MVS-HOLE-4,128.00 USD,made_to_order,new,Misty Valley Supply,Guardrail Systems,each,OSHA 1926.502(i),5–7 days
MVS-HH-C1,"Hard Hat — Cap Style, Type I Class E","Type I protects the crown only. Class E tested to 20,000 V. Four-point ratchet.",https://mistyvalleysupply.com/#/p/MVS-HH-C1,19.50 USD,in_stock,new,Misty Valley Supply,Head Protection,each,ANSI/ISEA Z89.1 Type I Class E,2–4 days
MVS-HH-T2V,"Safety Helmet — Type II Class E, Vented","Type II adds lateral impact protection. Chin strap, accessory rails. Vented models are Class C unless stated — read the shell mark.",https://mistyvalleysupply.com/#/p/MVS-HH-T2V,89.00 USD,in_stock,new,Misty Valley Supply,Head Protection,each,ANSI/ISEA Z89.1 Type II Class E,2–4 days
MVS-HH-BRIM,"Hard Hat — Full Brim, Type I Class G","Class G tested to 2,200 V. Full brim sheds water and sun — the roofer's default.",https://mistyvalleysupply.com/#/p/MVS-HH-BRIM,27.00 USD,in_stock,new,Misty Valley Supply,Head Protection,each,ANSI/ISEA Z89.1 Type I Class G,2–4 days
MVS-SG-CLR,"Safety Glasses — Clear, Anti-Fog","The + means high impact: 6.35 mm steel ball at 150 ft/s, plus a 500 g pointed drop from 50 in. No mark, no protection.",https://mistyvalleysupply.com/#/p/MVS-SG-CLR,6.40 USD,in_stock,new,Misty Valley Supply,Eye Protection,each,ANSI/ISEA Z87.1 Z87+,2–4 days
MVS-SG-SMK,"Safety Glasses — Smoke, Z87+","Outdoor tint. Frame and lens both carry the mark — check both, that is where counterfeits fail.",https://mistyvalleysupply.com/#/p/MVS-SG-SMK,6.90 USD,in_stock,new,Misty Valley Supply,Eye Protection,each,ANSI/ISEA Z87.1 Z87+,2–4 days
MVS-GG-SEAL,Sealed Safety Goggle — Indirect Vent,"D3 splash rating. Required where grinding, cutting or chemical splash is present.",https://mistyvalleysupply.com/#/p/MVS-GG-SEAL,14.75 USD,in_stock,new,Misty Valley Supply,Eye Protection,each,ANSI/ISEA Z87.1 Z87+ D3,2–4 days
MVS-GL-A4,"Cut-Resistant Glove — Level A4, PU Palm","A4 is 1,500–2,199 g of cut resistance. The right default for sheet metal and stud handling.",https://mistyvalleysupply.com/#/p/MVS-GL-A4,8.20 USD,in_stock,new,Misty Valley Supply,Hand Protection,pair,ANSI/ISEA 105 Cut Level A4,2–4 days
MVS-GL-A6,"Cut-Resistant Glove — Level A6, Nitrile","A6 is 3,000–3,999 g. Glass handling, heavy gauge steel, demo.",https://mistyvalleysupply.com/#/p/MVS-GL-A6,13.40 USD,in_stock,new,Misty Valley Supply,Hand Protection,pair,ANSI/ISEA 105 Cut Level A6,2–4 days
MVS-GL-LEA,Leather Driver Glove — Grain Cowhide,"General handling only. If the task has a cut hazard, this is not the glove — and we will tell you so.",https://mistyvalleysupply.com/#/p/MVS-GL-LEA,5.60 USD,in_stock,new,Misty Valley Supply,Hand Protection,pair,No cut rating claimed,2–4 days
MVS-VS-C2,"Hi-Vis Vest — Class 2, Type R",Class 2 for traffic under 50 mph and complex backgrounds. Type R = roadway.,https://mistyvalleysupply.com/#/p/MVS-VS-C2,11.90 USD,in_stock,new,Misty Valley Supply,Hi-Vis Apparel,each,ANSI/ISEA 107 Type R Class 2,2–4 days
MVS-VS-C3,"Hi-Vis Long-Sleeve — Class 3, Type R","Class 3 required over 50 mph, poor visibility, or where the worker must be seen through a full range of motion.",https://mistyvalleysupply.com/#/p/MVS-VS-C3,34.50 USD,in_stock,new,Misty Valley Supply,Hi-Vis Apparel,each,ANSI/ISEA 107 Type R Class 3,2–4 days
MVS-VS-O1,"Hi-Vis Vest — Class 1, Type O",Type O is off-road only. Not legal on a public right of way — a common and expensive mix-up.,https://mistyvalleysupply.com/#/p/MVS-VS-O1,9.40 USD,in_stock,new,Misty Valley Supply,Hi-Vis Apparel,each,ANSI/ISEA 107 Type O Class 1,2–4 days
MVS-FH-5PT,"Full Body Harness — 5-Point, Universal","Arrest force limited to 1,800 lb, free fall limited to 6 ft, deceleration distance 3.5 ft.",https://mistyvalleysupply.com/#/p/MVS-FH-5PT,118.00 USD,in_stock,new,Misty Valley Supply,Fall Protection,each,ANSI/ASSP Z359.11,4–6 days
MVS-SRL-11,"Self-Retracting Lifeline — 11 ft, Class 2",Class 2 permits up to 24 in arrest distance. Check clearance below before you spec any SRL.,https://mistyvalleysupply.com/#/p/MVS-SRL-11,268.00 USD,in_stock,new,Misty Valley Supply,Fall Protection,each,ANSI/ASSP Z359.14 Class 2,4–6 days
MVS-LY-SA6,"Shock-Absorbing Lanyard — 6 ft, Double Leg",Needs 18.5 ft of clearance below the anchor. On a low roof this is the wrong product — use an SRL.,https://mistyvalleysupply.com/#/p/MVS-LY-SA6,142.00 USD,in_stock,new,Misty Valley Supply,Fall Protection,each,ANSI/ASSP Z359.13,4–6 days
MVS-SID-VD4,"Vinyl Siding — Double 4 in Clapboard, per square",White and clay in stock; full color card by order.,https://mistyvalleysupply.com/#/p/MVS-SID-VD4,118.00 USD,in_stock,new,Misty Valley Supply,Siding,SQ,ASTM D3679,Same day
MVS-SID-AL8,"Aluminum Siding — 8 in Horizontal, per square",For repairs and matches on existing aluminum-clad houses.,https://mistyvalleysupply.com/#/p/MVS-SID-AL8,215.00 USD,in_stock,new,Misty Valley Supply,Siding,SQ,AAMA 1402,3-5 days
MVS-SID-JCH,"Vinyl J-Channel — 5/8 in, 12 ft 6 in",The trim piece every siding job runs out of first.,https://mistyvalleysupply.com/#/p/MVS-SID-JCH,6.90 USD,in_stock,new,Misty Valley Supply,Siding,EA,ASTM D3679,Same day
MVS-OSB-716,"OSB Sheathing — 7/16 in, 4 ft × 8 ft",APA span-rated 24/16. Bundle pricing at 25+.,https://mistyvalleysupply.com/#/p/MVS-OSB-716,13.75 USD,in_stock,new,Misty Valley Supply,Sheathing & Framing,SHT,"PS 2, 24/16 span",Same day
MVS-PLY-12C,"Plywood — 1/2 in CDX, 4 ft × 8 ft",For decks that will sit exposed longer than OSB should.,https://mistyvalleysupply.com/#/p/MVS-PLY-12C,32.00 USD,in_stock,new,Misty Valley Supply,Sheathing & Framing,SHT,"PS 1, C-D Exposure 1",Same day
MVS-STD-248,Stud — 2×4×8 SPF #2,"Kiln-dried, grade-stamped. Unit pricing at 294 (a lift).",https://mistyvalleysupply.com/#/p/MVS-STD-248,3.85 USD,in_stock,new,Misty Valley Supply,Sheathing & Framing,EA,"PS 20, SPF #2",Same day
MVS-DW-1248,"Drywall — 1/2 in, 4 ft × 8 ft",Regular board. Type X and mold-resistant by order.,https://mistyvalleysupply.com/#/p/MVS-DW-1248,13.50 USD,in_stock,new,Misty Valley Supply,Drywall,SHT,ASTM C1396,Same day
MVS-HW-Z90,House Wrap — 9 ft × 100 ft Roll,"Tape sold beside it, because it always is.",https://mistyvalleysupply.com/#/p/MVS-HW-Z90,142.00 USD,in_stock,new,Misty Valley Supply,Sheathing & Framing,RL,ASTM E1677,Same day
MVS-CX-20OT,Shipping Container — 20 ft One-Trip,"One ocean crossing, near-new. Tilt-bed delivery included inside 60 mi.",https://mistyvalleysupply.com/#/p/MVS-CX-20OT,2950.00 USD,in_stock,new,Misty Valley Supply,Site Structures,EA,CSC plated,5-10 days
MVS-CX-40HC,Shipping Container — 40 ft High-Cube One-Trip,9 ft 6 in tall. Needs 100+ ft of straight approach for the tilt-bed.,https://mistyvalleysupply.com/#/p/MVS-CX-40HC,4850.00 USD,in_stock,new,Misty Valley Supply,Site Structures,EA,CSC plated,5-10 days
MVS-ST-GLO20,"Ground-Level Office — 20 ft, Wired & Insulated","Door, window, HVAC, panel. Ground level — no stairs, no ramp, no crane.",https://mistyvalleysupply.com/#/p/MVS-ST-GLO20,12800.00 USD,in_stock,new,Misty Valley Supply,Site Structures,EA,"Container office, wired to NEC",3-5 weeks
MVS-ST-BOOTH,"Guard Booth — 4 ft × 6 ft, Prefab","Forklift-set. Gate access, flagger shelter, tool crib.",https://mistyvalleysupply.com/#/p/MVS-ST-BOOTH,9600.00 USD,in_stock,new,Misty Valley Supply,Site Structures,EA,"Prefab, panelized",4-6 weeks
MVS-PB-CARP21,"Steel Carport — 20 ft × 21 ft, 2-Car","Installed on your level pad. Two vehicles, equipment, or covered material staging.",https://mistyvalleysupply.com/#/p/MVS-PB-CARP21,3295.00 USD,in_stock,new,Misty Valley Supply,Site Structures,EA,"29-ga panels, galvanized frame",2-4 weeks
MVS-PB-2430,"Steel Garage Kit — 24 ft × 30 ft × 10 ft, Bolt-Up","Full bolt-up kit: framing, 26-ga panels, one garage door, one walk door. Stamped drawings for permit included.",https://mistyvalleysupply.com/#/p/MVS-PB-2430,14500.00 USD,made_to_order,new,Misty Valley Supply,Site Structures,EA,Engineered per order to IBC loads,6-8 weeks
MVS-PB-3040,"Steel Building — 30 ft × 40 ft × 12 ft, Bolt-Up Kit","Shop, equipment shed, or small ag building. 12-ft eaves clear a lift. Stamped drawings included.",https://mistyvalleysupply.com/#/p/MVS-PB-3040,24800.00 USD,made_to_order,new,Misty Valley Supply,Site Structures,EA,Engineered per order to IBC loads,6-10 weeks
MVS-PB-RUN1224,"Loafing Shed — 12 ft × 24 ft, Delivered Set","Amish-built locally, hauled in and set the same day. Stock run-in, hay cover, or equipment lean-to.",https://mistyvalleysupply.com/#/p/MVS-PB-RUN1224,5450.00 USD,in_stock,new,Misty Valley Supply,Site Structures,EA,Built on treated skids,3-5 weeks
MVS-PB-SHED1220,Portable Storage Building — 12 ft × 20 ft,Sided and shingled to match a house. Double doors take a mower or a pallet jack.,https://mistyvalleysupply.com/#/p/MVS-PB-SHED1220,7900.00 USD,in_stock,new,Misty Valley Supply,Site Structures,EA,Built on treated skids,3-5 weeks
MVS-STR-PM399,"Park Model Cabin — 399 sq ft, One Bedroom + Loft","Full kitchen and bath, delivered and set on your pad. The workhorse of Airbnb lots.",https://mistyvalleysupply.com/#/p/MVS-STR-PM399,79500.00 USD,in_stock,new,Misty Valley Supply,Short-Term Rental Units,EA,ANSI A119.5 park model,10-14 weeks
MVS-STR-TH24,"Tiny Home on Wheels — 24 ft, Certified Build","Towable between lots. Sleeps 2-4, full wet bath, mini-split.",https://mistyvalleysupply.com/#/p/MVS-STR-TH24,52000.00 USD,in_stock,new,Misty Valley Supply,Short-Term Rental Units,EA,Built to ANSI A119.5 by a certified plant,8-12 weeks
MVS-STR-CAB1236,"Cabin Shell — 12 ft × 36 ft, Amish-Built, Lofted","Delivered dried-in: framed, sided, roofed, doors and windows set. You finish the inside.",https://mistyvalleysupply.com/#/p/MVS-STR-CAB1236,28500.00 USD,in_stock,new,Misty Valley Supply,Short-Term Rental Units,EA,Shell — finished on site under local permit,4-6 weeks
MVS-STR-CONT40,"Container Home — 40 ft, One Bedroom, Turnkey","Kitchenette, bath, mini-split, ready for utility hookups. Crane-set in a day.",https://mistyvalleysupply.com/#/p/MVS-STR-CONT40,58500.00 USD,in_stock,new,Misty Valley Supply,Short-Term Rental Units,EA,Factory-built to KY industrialized-building rules,10-16 weeks
MVS-STR-PRM1428,"Premium Portable Building — 14 × 28, Finished & Conditioned","Board-and-batten siding over a stone-veneer wainscot, finished and insulated inside, mini-split installed. Delivered set — plug into site power and work.",https://mistyvalleysupply.com/#/p/MVS-STR-PRM1428,36500.00 USD,in_stock,new,Misty Valley Supply,Short-Term Rental Units,EA,"Finished interior, mini-split, wired",6-10 weeks
MVS-STR-PRM1224,"Premium Portable Building — 12 × 24, Finished & Conditioned","The smaller premium footprint — same finish level, one-room layout.",https://mistyvalleysupply.com/#/p/MVS-STR-PRM1224,27900.00 USD,in_stock,new,Misty Valley Supply,Short-Term Rental Units,EA,"Finished interior, mini-split, wired",6-10 weeks
MVS-SC-WAIN8,Stone-Veneer Wainscot Kit — per 8-ft Section,The band that makes a building read custom from the road. Ordered by the 8-ft section.,https://mistyvalleysupply.com/#/p/MVS-SC-WAIN8,240.00 USD,in_stock,new,Misty Valley Supply,Site Structures,EA,"Polymer stone veneer, trim cap",1-2 weeks
MVS-STR-POD14,"Glamping Pod — 14 ft, Sleeping Unit","Insulated, wired for a mini-split. No plumbing — pairs with a bathhouse.",https://mistyvalleysupply.com/#/p/MVS-STR-POD14,18900.00 USD,in_stock,new,Misty Valley Supply,Short-Term Rental Units,EA,Unplumbed sleeping unit,6-8 weeks
MVS-SF-S158,"Steel Stud — 1-5/8"" × 8 ft, 25-ga EQ",Chase walls and furring. Sold in 10s.,https://mistyvalleysupply.com/#/p/MVS-SF-S158,3.25 USD,in_stock,new,Misty Valley Supply,Sheathing & Framing,EA,ASTM C645,2-4 days
MVS-SF-S358,"Steel Stud — 3-5/8"" × 8 ft, 25-ga EQ",The workhorse interior stud. Sold in 10s.,https://mistyvalleysupply.com/#/p/MVS-SF-S358,4.15 USD,in_stock,new,Misty Valley Supply,Sheathing & Framing,EA,ASTM C645,2-4 days
MVS-SF-S600,"Steel Stud — 6"" × 8 ft, 25-ga EQ",Plumbing walls and taller runs. Sold in 10s.,https://mistyvalleysupply.com/#/p/MVS-SF-S600,5.95 USD,in_stock,new,Misty Valley Supply,Sheathing & Framing,EA,ASTM C645,2-4 days
MVS-SF-T358,"Steel Track — 3-5/8"" × 10 ft, 25-ga",Top and bottom runner for 3-5/8 stud. Sold in 10s.,https://mistyvalleysupply.com/#/p/MVS-SF-T358,4.85 USD,in_stock,new,Misty Valley Supply,Sheathing & Framing,EA,ASTM C645,2-4 days
MVS-SF-T600,"Steel Track — 6"" × 10 ft, 25-ga",Runner for 6-inch stud. Sold in 10s.,https://mistyvalleysupply.com/#/p/MVS-SF-T600,6.75 USD,in_stock,new,Misty Valley Supply,Sheathing & Framing,EA,ASTM C645,2-4 days
MVS-SF-CB8,"Corner Bead — 1-1/4"" × 8 ft, Galvanized",Every outside corner. Sold in 10s.,https://mistyvalleysupply.com/#/p/MVS-SF-CB8,2.10 USD,in_stock,new,Misty Valley Supply,Drywall,EA,ASTM C1047,2-4 days
MVS-SF-JT8,"J-Trim — 1/2"" × 8 ft","Caps exposed 1/2-inch board edges — windows, openings, panel ends.",https://mistyvalleysupply.com/#/p/MVS-SF-JT8,2.35 USD,in_stock,new,Misty Valley Supply,Drywall,EA,ASTM C1047,2-4 days
MVS-SF-ZF8,"Z-Furring — 1"" × 8 ft",Holds rigid insulation to masonry and gives the board something to screw to.,https://mistyvalleysupply.com/#/p/MVS-SF-ZF8,3.10 USD,in_stock,new,Misty Valley Supply,Drywall,EA,ASTM C645 accessory,2-4 days
MVS-SF-WA10,"Wall Angle — 1"" × 2"" × 10 ft",Perimeter support for suspended ceilings. Sold in 10s.,https://mistyvalleysupply.com/#/p/MVS-SF-WA10,2.40 USD,in_stock,new,Misty Valley Supply,Drywall,EA,Ceiling perimeter angle,2-4 days
MVS-SF-HAT78,"Hat / Furring Channel — 7/8"" × 12 ft",Furs out ceilings and masonry at 16 or 24 o.c.,https://mistyvalleysupply.com/#/p/MVS-SF-HAT78,4.25 USD,in_stock,new,Misty Valley Supply,Drywall,EA,ASTM C645 accessory,2-4 days
MVS-SF-CRC12,"Cold-Rolled Carrying Channel — 1-1/2"" × 12 ft",The main runner of a suspended drywall ceiling — hat channel clips below it.,https://mistyvalleysupply.com/#/p/MVS-SF-CRC12,5.50 USD,in_stock,new,Misty Valley Supply,Drywall,EA,ASTM C754 suspension,2-4 days
MVS-SF-RC12,Resilient Channel — RC-1 × 12 ft,Decouples the board from the framing — the cheap way to buy STC points.,https://mistyvalleysupply.com/#/p/MVS-SF-RC12,4.95 USD,in_stock,new,Misty Valley Supply,Drywall,EA,Single-leg RC-1,2-4 days
MVS-IM-EXP37,"Expandable Container House — 37 ft, 3-Room, Preorder",Folds out to three rooms with kitchen and bath rough-in. Preorder — units ship when the container booking fills.,https://mistyvalleysupply.com/#/p/MVS-IM-EXP37,28500.00 USD,preorder,new,Misty Valley Supply,Short-Term Rental Units,EA,Imported unit — not a certified dwelling,12-16 weeks
MVS-IM-EXP19,"Expandable Container House — 19 ft, 1-Room, Preorder","One room, wired, insulated panels. The lowest-cost enclosed square footage on the site.",https://mistyvalleysupply.com/#/p/MVS-IM-EXP19,16900.00 USD,preorder,new,Misty Valley Supply,Short-Term Rental Units,EA,Imported unit — not a certified dwelling,12-16 weeks
MVS-IM-FOLD20,"Folding Container Unit — 20 ft, Flat-Pack, Preorder","Ships flat, unfolds in an hour with two people. Four units ride in one container slot.",https://mistyvalleysupply.com/#/p/MVS-IM-FOLD20,13500.00 USD,preorder,new,Misty Valley Supply,Short-Term Rental Units,EA,Imported unit — site storage/office class,12-16 weeks
MVS-DP-PERMIT,Permit Drawing Package — Drafted from Your Model,Construction drawings generated from the exact model that priced your job — IFC (ISO 16739) data file included.,https://mistyvalleysupply.com/#/p/MVS-DP-PERMIT,450.00 USD,made_to_order,new,Misty Valley Supply,Site Structures,EA,"Plan, elevations, sections + IFC data",3-5 days after order confirmation
MVS-DP-SEAL,Sealed Drawings & Calculations — Licensed Partner Engineers,"Our drafted package, reviewed, calculated and sealed by licensed partner engineers.",https://mistyvalleysupply.com/#/p/MVS-DP-SEAL,1400.00 USD,made_to_order,new,Misty Valley Supply,Site Structures,EA,Sealed to your county's loads,2-3 weeks after order confirmation
MVS-PB-50100,PEB Warehouse Shell — 50 ft × 100 ft × 16 ft Eave,Clear-span distribution shell. Stamped drawings and anchor-bolt plan included.,https://mistyvalleysupply.com/#/p/MVS-PB-50100,84500.00 USD,made_to_order,new,Misty Valley Supply,Site Structures,EA,Engineered per order to IBC loads,10-14 weeks
MVS-PB-DOCK,Dock Door Package — 9×10 Sectional + Leveler + Seal,"One complete truck position: door, leveler, bumpers, seal.",https://mistyvalleysupply.com/#/p/MVS-PB-DOCK,4850.00 USD,made_to_order,new,Misty Valley Supply,Site Structures,EA,"Edge-of-dock leveler, bumpers, seal",with shell
MVS-PB-RUD1214,Drive-In Roll-Up Door — 12 ft × 14 ft,"Equipment access — a skid steer, a box truck, a combine.",https://mistyvalleysupply.com/#/p/MVS-PB-RUD1214,2950.00 USD,made_to_order,new,Misty Valley Supply,Site Structures,EA,Wind-rated with shell engineering,with shell
MVS-PB-INSWH,"Metal Building Insulation — per 1,000 sq ft",Roof and wall blanket installed with the sheeting. Ordered by the thousand square feet.,https://mistyvalleysupply.com/#/p/MVS-PB-INSWH,780.00 USD,in_stock,new,Misty Valley Supply,Site Structures,EA,"Faced blanket, R-13 walls / R-19 roof class",2-3 weeks
MVS-PB-4060,"Barndominium Shell — 40 ft × 60 ft × 14 ft, Bolt-Up Kit","The barndo workhorse: shop bay one end, living quarters the other. Stamped drawings included.",https://mistyvalleysupply.com/#/p/MVS-PB-4060,38500.00 USD,made_to_order,new,Misty Valley Supply,Site Structures,EA,Engineered per order to IBC loads,8-12 weeks
MVS-PB-PORCH12,Porch Roof Kit — per 12-ft Bay,Adds a covered porch bay off the eave side. Ordered with the shell.,https://mistyvalleysupply.com/#/p/MVS-PB-PORCH12,1850.00 USD,made_to_order,new,Misty Valley Supply,Site Structures,EA,Matches shell engineering,with shell
MVS-IN-R19,Fiberglass Batt R-19 — per 100 sq ft,Walls of conditioned space. Sold by the hundred square feet.,https://mistyvalleysupply.com/#/p/MVS-IN-R19,68.00 USD,in_stock,new,Misty Valley Supply,Sheathing & Framing,EA,Kraft-faced batt,2-4 days
MVS-GC-CP1221,"Steel Carport Base Unit — 12 × 21 ft, Regular Roof, 14-ga","The industry base unit: 12 ft wide, 21 ft long, 6-ft legs, rounded-eave regular roof, installed on your level site. Every wider, longer, taller or more-enclosed build prices as adders on this unit.",https://mistyvalleysupply.com/#/p/MVS-GC-CP1221,1595.00 USD,in_stock,new,Misty Valley Supply,Site Structures,EA,"29-ga panels, 14-ga galvanized frame",3-6 weeks typical
MVS-GC-WID2,Frame Width — per 2 ft over 12 ft,"Widths run 12 to 30 ft. Over 24 ft the plant trusses the bows — same adder, engineered at order.",https://mistyvalleysupply.com/#/p/MVS-GC-WID2,180.00 USD,in_stock,new,Misty Valley Supply,Site Structures,EA,"Wider roof bows, same frame family",with unit
MVS-GC-LEN5,Frame Length — per 5-ft Bay over 21 ft,Lengths run 21 to 51 ft in 5-ft bays. Each bay adds a leg pair and a roof section.,https://mistyvalleysupply.com/#/p/MVS-GC-LEN5,395.00 USD,in_stock,new,Misty Valley Supply,Site Structures,EA,Adds one leg pair + roof section,with unit
MVS-GC-LEG1,Leg Height — per Foot over 6 ft,"Leg height is side-wall clearance, not peak height. An RV wants 12-ft legs; a garage door wants legs a foot over the door.",https://mistyvalleysupply.com/#/p/MVS-GC-LEG1,150.00 USD,in_stock,new,Misty Valley Supply,Site Structures,EA,"Legs 6-14 ft, taller legs = taller braces",with unit
MVS-GC-BOX,Boxed-Eave (A-Frame) Roof Upgrade — Horizontal Panels,"The house-style look: peaked A-frame with boxed eaves, panels still run the length of the roof.",https://mistyvalleysupply.com/#/p/MVS-GC-BOX,475.00 USD,in_stock,new,Misty Valley Supply,Site Structures,EA,"A-frame profile, panels run horizontal",with unit
MVS-GC-VERT,"Vertical Roof Upgrade — per 5-ft Roof Section, Ridge Cap Incl.","Panels run downhill, so snow, leaves and rain slide off instead of sitting in the ribs. The industry's best roof, priced per roof section.",https://mistyvalleysupply.com/#/p/MVS-GC-VERT,145.00 USD,in_stock,new,Misty Valley Supply,Site Structures,EA,Panels run eave-to-ridge over hat channel,with unit
MVS-GC-12GA,12-Ga Frame Upgrade — per 5-ft Bay,"Thicker-wall tube on every bow and leg. Longer frame warranty at most plants, and the frame most certified ratings assume.",https://mistyvalleysupply.com/#/p/MVS-GC-12GA,95.00 USD,in_stock,new,Misty Valley Supply,Site Structures,EA,2.25-in 12-ga tube vs 2.5-in 14-ga,with unit
MVS-GC-26GA,26-Ga Panel Upgrade — per 5-ft Bay,Heavier sheeting on the roof and any installed wall panels — the hail-and-dent upgrade.,https://mistyvalleysupply.com/#/p/MVS-GC-26GA,75.00 USD,in_stock,new,Misty Valley Supply,Site Structures,EA,26-ga sheeting vs 29-ga standard,with unit
MVS-GC-SIDEH,"Partial Side Enclosure — Eave Panel, per 5-ft Section",A 3-ft panel down from the eave each side — rain protection that keeps the drive-through open.,https://mistyvalleysupply.com/#/p/MVS-GC-SIDEH,75.00 USD,in_stock,new,Misty Valley Supply,Site Structures,EA,"Panel hangs from the eave, legs open below",with unit
MVS-GC-SIDEF,Full Side Enclosure — per 5-ft Section,"Closes one side to the ground, one 5-ft section at a time. Two full sides + two full ends = a garage.",https://mistyvalleysupply.com/#/p/MVS-GC-SIDEF,135.00 USD,in_stock,new,Misty Valley Supply,Site Structures,EA,Eave-to-grade wall panel + trim,with unit
MVS-GC-GABLE,"Gable End — Peak Fill Above Eave, per End",Fills the gable triangle only — the end stays drive-through. Pairs with A-frame roofs.,https://mistyvalleysupply.com/#/p/MVS-GC-GABLE,295.00 USD,in_stock,new,Misty Valley Supply,Site Structures,EA,Closes the triangle above the eave line,with unit
MVS-GC-ENDP,"End-Wall Enclosure — per Foot of Width, Gable Fill Incl.","Closes one end wall solid, gable included. Doors are frame-outs in this wall — order them below.",https://mistyvalleysupply.com/#/p/MVS-GC-ENDP,32.00 USD,in_stock,new,Misty Valley Supply,Site Structures,EA,Eave-to-grade end wall + gable fill,with unit
MVS-GC-RU66,"Roll-Up Door — 6 × 6 ft, Frame-Out Incl.",Mower-and-ATV door. Frame-out in the wall included.,https://mistyvalleysupply.com/#/p/MVS-GC-RU66,495.00 USD,in_stock,new,Misty Valley Supply,Site Structures,EA,Curtain-style steel roll-up,with unit
MVS-GC-RU98,"Roll-Up Door — 9 × 8 ft, Frame-Out Incl.",The single-car door. Fits under 9-ft legs and up.,https://mistyvalleysupply.com/#/p/MVS-GC-RU98,795.00 USD,in_stock,new,Misty Valley Supply,Site Structures,EA,Curtain-style steel roll-up,with unit
MVS-GC-RU1010,"Roll-Up Door — 10 × 10 ft, Frame-Out Incl.",Tall enough for a loaded pickup rack or a small tractor with ROPS. Wants 11-ft legs.,https://mistyvalleysupply.com/#/p/MVS-GC-RU1010,1095.00 USD,in_stock,new,Misty Valley Supply,Site Structures,EA,Curtain-style steel roll-up,with unit
MVS-GC-RU1212,"Roll-Up Door — 12 × 12 ft, Frame-Out Incl.",RV and ag-equipment door. Wants 13- or 14-ft legs.,https://mistyvalleysupply.com/#/p/MVS-GC-RU1212,1595.00 USD,in_stock,new,Misty Valley Supply,Site Structures,EA,Curtain-style steel roll-up,with unit
MVS-GC-WALK36,"Walk-In Door — 36 in, Frame-Out Incl.",Walk in without rolling the big door. Keyed lockset included.,https://mistyvalleysupply.com/#/p/MVS-GC-WALK36,395.00 USD,in_stock,new,Misty Valley Supply,Site Structures,EA,"Steel walk door, keyed lockset",with unit
MVS-GC-WIN3030,Window — 30 × 30 in with Frame-Out,Daylight for a shop wall. Framed opening and trim included.,https://mistyvalleysupply.com/#/p/MVS-GC-WIN3030,275.00 USD,in_stock,new,Misty Valley Supply,Site Structures,EA,"Insulated slider, screen incl.",with unit
MVS-GC-ANCG,"Ground Anchor — 32-in Rebar Pin, per Leg",The standard bare-ground anchor. Certified ratings on ground usually call for auger-style anchors — quoted at engineering review.,https://mistyvalleysupply.com/#/p/MVS-GC-ANCG,8.00 USD,in_stock,new,Misty Valley Supply,Site Structures,EA,Driven rebar through the base rail,with unit
MVS-GC-ANCC,"Concrete Anchor — Wedge Bolt, per Leg",For legs on a cured slab. The slab itself is by others — pour it before the crew is scheduled.,https://mistyvalleysupply.com/#/p/MVS-GC-ANCC,12.00 USD,in_stock,new,Misty Valley Supply,Site Structures,EA,Expansion wedge anchor into cured slab,with unit
MVS-GC-ANCA,"Asphalt Anchor — Barbed Auger, per Leg",For legs on an asphalt pad. Barbed rod bites through the mat into the base below.,https://mistyvalleysupply.com/#/p/MVS-GC-ANCA,25.00 USD,in_stock,new,Misty Valley Supply,Site Structures,EA,Barbed rod driven through asphalt,with unit
MVS-GC-LEAN,"Lean-To — 6 ft Wide, per 5-ft Bay, Legs + Roof","A covered wing down one side — firewood, a mower, a run-in. Ordered per bay to match the main frame.",https://mistyvalleysupply.com/#/p/MVS-GC-LEAN,325.00 USD,in_stock,new,Misty Valley Supply,Site Structures,EA,Shed-roof wing off the eave side,with unit
MVS-GC-CERT,"Certified Wind/Snow Package — Engineered, Sealed Drawings","Engineered drawings for your county's wind and snow loads — drafted by us, sealed by licensed partner engineers. A quote line, not a pre-existing certificate.",https://mistyvalleysupply.com/#/p/MVS-GC-CERT,695.00 USD,in_stock,new,Misty Valley Supply,Site Structures,EA,Engineered to your county's loads,2-3 weeks after order confirmation
MVS-CI-PART8,"Container Partition Kit — Steel Stud, per 8-ft Wall",Divides a container into rooms. Screws to the corrugation rails.,https://mistyvalleysupply.com/#/p/MVS-CI-PART8,185.00 USD,in_stock,new,Misty Valley Supply,Site Structures,EA,20-ga steel stud + track,1-2 weeks
MVS-CI-INSUL8,Insulation + Wall Liner — per 8-ft Bay,Closed-cell foam behind washable white panel. Kills condensation.,https://mistyvalleysupply.com/#/p/MVS-CI-INSUL8,420.00 USD,in_stock,new,Misty Valley Supply,Site Structures,EA,Closed-cell + white panel liner,1-2 weeks
MVS-CI-ELEC,Container Electrical Package — Panel + 4 Circuits,"Panel, receptacles, LED lighting, exterior inlet. Inspector-ready.",https://mistyvalleysupply.com/#/p/MVS-CI-ELEC,1850.00 USD,in_stock,new,Misty Valley Supply,Site Structures,EA,"Listed load center, surface raceway",2-3 weeks
MVS-CI-HVAC12,Mini-Split — 12k BTU Heat/Cool,Heats and cools a 20-ft conversion. Wall-sleeve mount through the corrugation.,https://mistyvalleysupply.com/#/p/MVS-CI-HVAC12,1450.00 USD,in_stock,new,Misty Valley Supply,Site Structures,EA,ENERGY STAR heat pump,1-2 weeks
MVS-CI-WIN36,Container Window Kit — 36 × 36 with Welded Frame,Frame welds into a plasma-cut opening. Glass sets after paint.,https://mistyvalleysupply.com/#/p/MVS-CI-WIN36,385.00 USD,in_stock,new,Misty Valley Supply,Site Structures,EA,"Framed cutout, insulated slider",2-3 weeks
MVS-CI-DOOR36,Container Man-Door Kit — 36 in Steel,Walk in without swinging the cargo doors. Keyed lockset included.,https://mistyvalleysupply.com/#/p/MVS-CI-DOOR36,685.00 USD,in_stock,new,Misty Valley Supply,Site Structures,EA,"Insulated steel door, welded frame",2-3 weeks
MVS-CI-FLR8,LVP Floor over Subfloor — per 8-ft Bay,Seals the original marine ply under a clean working floor.,https://mistyvalleysupply.com/#/p/MVS-CI-FLR8,310.00 USD,in_stock,new,Misty Valley Supply,Site Structures,EA,Vapor barrier + LVP,1-2 weeks
MVS-DK-SEC410,Floating Dock Section — 4 ft × 10 ft,"The building block: walkways, fingers, and swim platforms all stack from this section.",https://mistyvalleysupply.com/#/p/MVS-DK-SEC410,1650.00 USD,in_stock,new,Misty Valley Supply,Docks & Waterfront,EA,"Galvanized frame, foam-filled floats",3-5 weeks
MVS-DK-SEC810,Floating Dock Section — 8 ft × 10 ft Platform,"The main platform — seating, swim deck, or the slip head.",https://mistyvalleysupply.com/#/p/MVS-DK-SEC810,2950.00 USD,in_stock,new,Misty Valley Supply,Docks & Waterfront,EA,"Galvanized frame, foam-filled floats",3-5 weeks
MVS-DK-GANG20,Aluminum Gangway — 3 ft × 20 ft,Shore to dock across the fluctuation zone. Rolls on the dock end.,https://mistyvalleysupply.com/#/p/MVS-DK-GANG20,2400.00 USD,in_stock,new,Misty Valley Supply,Docks & Waterfront,EA,"Welded aluminum, transition plates",3-5 weeks
MVS-DK-DECKC,Composite Decking Upgrade — per Section,Barefoot-friendly and never needs sealing. Ordered per section.,https://mistyvalleysupply.com/#/p/MVS-DK-DECKC,240.00 USD,in_stock,new,Misty Valley Supply,Docks & Waterfront,EA,"Capped composite, hidden fasteners",with dock
MVS-DK-CLEAT10,Galvanized Dock Cleat — 10 in,One per 10 ft of moorable edge is the working rule.,https://mistyvalleysupply.com/#/p/MVS-DK-CLEAT10,18.00 USD,in_stock,new,Misty Valley Supply,Docks & Waterfront,EA,Hot-dip galvanized,1 week
MVS-DK-BUMP10,Dock Edge Bumper — 10 ft,Every edge a hull can reach gets bumper. Gelcoat is expensive.,https://mistyvalleysupply.com/#/p/MVS-DK-BUMP10,95.00 USD,in_stock,new,Misty Valley Supply,Docks & Waterfront,EA,UV-stable vinyl P-profile,1 week
MVS-DK-LAD4,"Swim Ladder — 4-Step, Flip-Up",Flips clear of the water when not in use — slows algae and ice damage.,https://mistyvalleysupply.com/#/p/MVS-DK-LAD4,210.00 USD,in_stock,new,Misty Valley Supply,Docks & Waterfront,EA,"Aluminum, flip-up stow",1 week
MVS-DK-ANCH,Dock Anchor Kit — per Corner,Deadweight and chain sized for the fluctuation zone. Four corners minimum.,https://mistyvalleysupply.com/#/p/MVS-DK-ANCH,145.00 USD,in_stock,new,Misty Valley Supply,Docks & Waterfront,EA,Deadweight + galvanized chain,with dock
MVS-SC-DOOR3,"Shed Door — 3-0 × 6-10 Prehung, Primed","Hinged, latched, ready to set in a framed rough opening.",https://mistyvalleysupply.com/#/p/MVS-SC-DOOR3,185.00 USD,in_stock,new,Misty Valley Supply,Site Structures,EA,Prehung on treated jamb,5-7 days
MVS-SC-WIN34,Shed Window — 3 ft × 4 ft with J-Trim,Screwed to the sheathing over a framed opening. Screen included.,https://mistyvalleysupply.com/#/p/MVS-SC-WIN34,95.00 USD,in_stock,new,Misty Valley Supply,Site Structures,EA,"Single-pane, aluminum frame",5-7 days
MVS-SC-RAMP4,"Shed Ramp Kit — 4 ft, Rated 1,000 lb","Mower, tiller, or a loaded hand truck. Lag-hooks to the floor frame.",https://mistyvalleysupply.com/#/p/MVS-SC-RAMP4,265.00 USD,in_stock,new,Misty Valley Supply,Site Structures,EA,"PT frame, cleated deck",5-7 days
MVS-SC-LOFT8,Shed Loft Kit — per 8-ft Bay,Overhead storage across one 8-ft bay at the gable end.,https://mistyvalleysupply.com/#/p/MVS-SC-LOFT8,145.00 USD,in_stock,new,Misty Valley Supply,Site Structures,EA,2×4 ledger + OSB deck,5-7 days
MVS-SC-CUP24,"Cupola — 24 in, Vented with Weathervane Mount",Passive ridge ventilation that also sells the building.,https://mistyvalleysupply.com/#/p/MVS-SC-CUP24,395.00 USD,in_stock,new,Misty Valley Supply,Site Structures,EA,"Vinyl-clad, screened vents",1-2 weeks
MVS-RF-MTL29,"Metal Roofing — 29-ga Panel, Cut to Length",Mill cuts panels to your rafter length — no field seams on a shed roof.,https://mistyvalleysupply.com/#/p/MVS-RF-MTL29,148.00 USD,in_stock,new,Misty Valley Supply,Roofing Accessories,SQ,ASTM A653 galvanized substrate,1-2 weeks
MVS-IMP-R10,"Insulated Metal Roof Panel — High-Rib, 1"" PIR Core",Panel and insulation in one lift. Quoted per project cut list; freight quoted separately.,https://mistyvalleysupply.com/#/p/MVS-IMP-R10,675.00 USD,in_stock,new,Misty Valley Supply,Roofing Accessories,SQ,"26-ga Galvalume faces, PIR core",10-16 weeks
MVS-IMP-R15,"Insulated Metal Roof Panel — High-Rib, 1.5"" PIR Core",The commercial re-roof workhorse thickness. Quoted per project cut list; freight quoted separately.,https://mistyvalleysupply.com/#/p/MVS-IMP-R15,745.00 USD,in_stock,new,Misty Valley Supply,Roofing Accessories,SQ,"26-ga Galvalume faces, PIR core, ~R-13",10-16 weeks
MVS-IMP-R20,"Insulated Metal Roof Panel — High-Rib, 2"" PIR Core",Most makers' minimum roof core. Quoted per project cut list; freight quoted separately.,https://mistyvalleysupply.com/#/p/MVS-IMP-R20,815.00 USD,in_stock,new,Misty Valley Supply,Roofing Accessories,SQ,"26-ga Galvalume faces, PIR core, ~R-16",10-16 weeks
MVS-IMP-R25,"Insulated Metal Roof Panel — High-Rib, 2.5"" PIR Core",Quoted per project cut list; freight quoted separately.,https://mistyvalleysupply.com/#/p/MVS-IMP-R25,885.00 USD,in_stock,new,Misty Valley Supply,Roofing Accessories,SQ,"26-ga Galvalume faces, PIR core, ~R-20",10-16 weeks
MVS-IMP-R30,"Insulated Metal Roof Panel — High-Rib, 3"" PIR Core",Quoted per project cut list; freight quoted separately.,https://mistyvalleysupply.com/#/p/MVS-IMP-R30,950.00 USD,in_stock,new,Misty Valley Supply,Roofing Accessories,SQ,"26-ga Galvalume faces, PIR core, ~R-24",10-16 weeks
MVS-IMP-R40,"Insulated Metal Roof Panel — High-Rib, 4"" PIR Core",Cold-storage class. Quoted per project cut list; freight quoted separately.,https://mistyvalleysupply.com/#/p/MVS-IMP-R40,1095.00 USD,in_stock,new,Misty Valley Supply,Roofing Accessories,SQ,"26-ga Galvalume faces, PIR core, ~R-32",10-16 weeks
MVS-SF-CP6,"C-Purlin — 6"" × 12 ft, 14-ga Galvanized",Structural roof purlin — return-lip C profile. Span tables per engineered layout.,https://mistyvalleysupply.com/#/p/MVS-SF-CP6,32.00 USD,in_stock,new,Misty Valley Supply,Sheathing & Framing,EA,ASTM A653 G90,1-2 weeks
MVS-SF-CP8,"C-Purlin — 8"" × 12 ft, 14-ga Galvanized",Structural roof purlin — return-lip C profile. Span tables per engineered layout.,https://mistyvalleysupply.com/#/p/MVS-SF-CP8,41.00 USD,in_stock,new,Misty Valley Supply,Sheathing & Framing,EA,ASTM A653 G90,1-2 weeks
MVS-TR-G12,Engineered Gable Truss — up to 12 ft Span,"Plant-built, delivered stacked. Design sheet included for permits.",https://mistyvalleysupply.com/#/p/MVS-TR-G12,92.00 USD,in_stock,new,Misty Valley Supply,Site Structures,EA,"Plated truss, sealed design sheet",1-2 weeks
MVS-FA-CLA,"First Aid Kit — ANSI Z308.1 Class A, 25-Person","Plastic case, wall-mountable. Class A fill: the required minimums for common workplace injuries.",https://mistyvalleysupply.com/#/p/MVS-FA-CLA,27.00 USD,in_stock,new,Misty Valley Supply,Jobsite Compliance,kit,ANSI/ISEA Z308.1-2021 Class A,2–4 days
MVS-FA-CLB,"First Aid Kit — ANSI Z308.1 Class B, 50-Person Cabinet","Metal wall cabinet. Class B: more of everything, plus splint and tourniquet for high-risk work.",https://mistyvalleysupply.com/#/p/MVS-FA-CLB,75.00 USD,in_stock,new,Misty Valley Supply,Jobsite Compliance,kit,ANSI/ISEA Z308.1-2021 Class B,2–4 days
MVS-FE-10,Fire Extinguisher — 10 lb ABC Dry Chemical,"Rechargeable, wall hook included. Tag it — the annual maintenance check is part of the rule.",https://mistyvalleysupply.com/#/p/MVS-FE-10,95.00 USD,in_stock,new,Misty Valley Supply,Jobsite Compliance,each,UL rated 4-A:80-B:C,2–4 days
MVS-RS-N95,N95 Particulate Respirator — Box of 20,"Two-strap cup style, adjustable nose clip. Voluntary dust use still gets Appendix D.",https://mistyvalleysupply.com/#/p/MVS-RS-N95,30.00 USD,in_stock,new,Misty Valley Supply,Jobsite Compliance,box,NIOSH N95 (42 CFR 84),2–4 days
MVS-RS-P100,Half-Mask Respirator — with P100 Filters,"Elastomeric half facepiece, pair of P100 filters. Silica cuts, lead, long dusty days.",https://mistyvalleysupply.com/#/p/MVS-RS-P100,38.00 USD,in_stock,new,Misty Valley Supply,Jobsite Compliance,each,NIOSH P100 (42 CFR 84),2–4 days
MVS-EP-200,"Foam Earplugs — Uncorded, Box of 200 Pairs",Dispenser box. The consumable every crew burns through — one shift per pair.,https://mistyvalleysupply.com/#/p/MVS-EP-200,26.00 USD,in_stock,new,Misty Valley Supply,Jobsite Compliance,box,NRR 29 (ANSI S3.19),2–4 days
MVS-EM-27,"Earmuffs — Over-the-Head, NRR 27","On and off in a second. For intermittent noise, and for the ears a foam plug never fits.",https://mistyvalleysupply.com/#/p/MVS-EM-27,24.00 USD,in_stock,new,Misty Valley Supply,Jobsite Compliance,each,NRR 27 (ANSI S3.19),2–4 days
MVS-EL-GFCI,"GFCI Pigtail — Inline, 12/3, Single Tap","Open-neutral protection, manual reset. One at every generator and borrowed-receptacle drop.",https://mistyvalleysupply.com/#/p/MVS-EL-GFCI,42.00 USD,in_stock,new,Misty Valley Supply,Jobsite Compliance,each,UL 943 Class A,2–4 days
MVS-EL-123,"Extension Cord — 100 ft, 12/3 SJTW","15 A, lighted ends. 12-gauge holds voltage at full length — 14-gauge does not.",https://mistyvalleysupply.com/#/p/MVS-EL-123,85.00 USD,in_stock,new,Misty Valley Supply,Jobsite Compliance,each,"SJTW 12/3, UL listed",2–4 days
MVS-EL-STR,"LED Work Light String — 100 ft, 10 Lamps","Hang hooks included, linkable. Cool-running LED — nothing shatters, no relamping.",https://mistyvalleysupply.com/#/p/MVS-EL-STR,129.00 USD,in_stock,new,Misty Valley Supply,Jobsite Compliance,each,"LED stringer, 5000K",2–4 days
MVS-RF-SYN10,Synthetic Roof Underlayment — 10-Square Roll,"48 in × 250 ft. Cap-fastened. A slick deck is a fall hazard, not a product feature — walk it right.",https://mistyvalleysupply.com/#/p/MVS-RF-SYN10,85.00 USD,in_stock,new,Misty Valley Supply,Roofing Accessories,roll,ASTM D8257,1–3 days
MVS-RF-IWS,"Ice & Water Shield — Self-Adhering, 2-Square Roll","36 in × 66.7 ft. Seals around fasteners. Eaves, valleys, penetrations.",https://mistyvalleysupply.com/#/p/MVS-RF-IWS,69.00 USD,in_stock,new,Misty Valley Supply,Roofing Accessories,roll,ASTM D1970,1–3 days
MVS-RF-DE10,"Drip Edge — Aluminum, 10 ft",White or mill finish. Order by the bundle — every foot of eave and rake gets one.,https://mistyvalleysupply.com/#/p/MVS-RF-DE10,9.25 USD,in_stock,new,Misty Valley Supply,Roofing Accessories,each,"Aluminum, Type C profile",1–3 days
MVS-RF-BOOT,Pipe Boot Flashing — Fits 1.5–3 in Vents,Adjustable-pitch base. The cracked boot is the most common service-call leak in the trade.,https://mistyvalleysupply.com/#/p/MVS-RF-BOOT,13.50 USD,in_stock,new,Misty Valley Supply,Roofing Accessories,each,"TPE boot, aluminum base",1–3 days
MVS-RF-CN72,"Coil Roofing Nails — 1-1/4 in, 7,200 ct","Electro-galvanized, 15° wire coil. A box runs about twenty squares at four nails a shingle.",https://mistyvalleysupply.com/#/p/MVS-RF-CN72,42.00 USD,in_stock,new,Misty Valley Supply,Roofing Accessories,box,"ASTM F1667, 12 ga galv.",1–3 days
MVS-FS-EX9,"Exterior Screws — #9 × 2-1/2 in, 5 lb","Polymer-coated for treated lumber. Decks, fences, blocking, temporary bracing.",https://mistyvalleysupply.com/#/p/MVS-FS-EX9,37.00 USD,in_stock,new,Misty Valley Supply,Sheathing & Framing,box,"#9 coated, T-25 star drive",2–3 days
MVS-FS-DW158,"Drywall Screws — #6 × 1-5/8 in Coarse, 5 lb","Bugle head, coarse thread for wood studs. About 850 screws — call it a dozen sheets.",https://mistyvalleysupply.com/#/p/MVS-FS-DW158,25.00 USD,in_stock,new,Misty Valley Supply,Drywall,box,ASTM C1002,1–2 days
MVS-AD-CON28,"Construction Adhesive — Subfloor, 28 oz","Quart-size tube, gun sold separately. One tube runs about three sheets of subfloor.",https://mistyvalleysupply.com/#/p/MVS-AD-CON28,12.50 USD,in_stock,new,Misty Valley Supply,Sheathing & Framing,tube,ASTM D3498,2–3 days
MVS-SL-PU10,Polyurethane Sealant — 10 oz Cartridge,"Gun-grade, paintable. Concrete, masonry, metal — the exterior joint workhorse.",https://mistyvalleysupply.com/#/p/MVS-SL-PU10,11.00 USD,in_stock,new,Misty Valley Supply,Siding,tube,"ASTM C920, Class 25",1–3 days
MVS-SL-SIL10,"Silicone Sealant — 100%, 10.1 oz Cartridge","Clear and white. Takes no paint, ever — buy the color, not the intention to paint it.",https://mistyvalleysupply.com/#/p/MVS-SL-SIL10,11.50 USD,in_stock,new,Misty Valley Supply,Siding,tube,"ASTM C920, 100% silicone",1–3 days
MVS-FT-475,"Flashing Tape — Self-Adhered, 4 in × 75 ft","Butyl-based, straight-line tear. A roll does about six window openings.",https://mistyvalleysupply.com/#/p/MVS-FT-475,29.00 USD,in_stock,new,Misty Valley Supply,Sheathing & Framing,roll,AAMA 711,2–3 days
MVS-BT-CAU,"Barricade Tape — CAUTION, 3 in × 1,000 ft","Yellow means proceed with care. Wet concrete, edges being worked, overhead work below.",https://mistyvalleysupply.com/#/p/MVS-BT-CAU,11.00 USD,in_stock,new,Misty Valley Supply,Site Protection & Erosion,roll,"2 mil PE, yellow/black",2–3 days
MVS-BT-DAN,"Barricade Tape — DANGER, 3 in × 1,000 ft",Red means keep out entirely. Not interchangeable with caution yellow.,https://mistyvalleysupply.com/#/p/MVS-BT-DAN,11.00 USD,in_stock,new,Misty Valley Supply,Site Protection & Erosion,roll,"2 mil PE, red/white",2–3 days
MVS-MP-INV,"Marking Paint — Inverted Tip, Case of 12","17 oz cans, one color per case. White, fluorescent orange, green, blue, red, yellow.",https://mistyvalleysupply.com/#/p/MVS-MP-INV,89.00 USD,in_stock,new,Misty Valley Supply,Site Protection & Erosion,case,"Inverted tip, APWA colors",2–3 days
MVS-PY-620,"Poly Sheeting — 6 mil, 20 ft × 100 ft","Clear. Vapor retarder, containment walls, curing cover, weather protection.",https://mistyvalleysupply.com/#/p/MVS-PY-620,89.00 USD,in_stock,new,Misty Valley Supply,Site Protection & Erosion,roll,"ASTM D4397, 6 mil",2–3 days
MVS-TP-2030,Heavy-Duty Tarp — 20 ft × 30 ft,Reinforced grommets every 18 in. The lumber-drop and torn-off-roof cover.,https://mistyvalleysupply.com/#/p/MVS-TP-2030,115.00 USD,in_stock,new,Misty Valley Supply,Site Protection & Erosion,each,"12 mil poly, UV-treated",2–3 days
MVS-FP-RAM,Floor Protection Board — 38 in × 100 ft Roll,"Lays flat, no curl-back, takes cart traffic. The finish-phase logistics standard.",https://mistyvalleysupply.com/#/p/MVS-FP-RAM,66.00 USD,in_stock,new,Misty Valley Supply,Site Protection & Erosion,roll,42 mil fiberboard,2–3 days
MVS-SW-18,"Stretch Wrap — 18 in × 1,500 ft, 80 ga",Hand roll with extended-core handles. Wrap it or chase it down I-65.,https://mistyvalleysupply.com/#/p/MVS-SW-18,24.00 USD,in_stock,new,Misty Valley Supply,Site Protection & Erosion,roll,80 ga cast film,2–3 days
MVS-EC-SILT,"Silt Fence — 36 in × 100 ft, Staked",Stakes pre-attached. The downhill perimeter line on every disturbed acre.,https://mistyvalleysupply.com/#/p/MVS-EC-SILT,42.00 USD,in_stock,new,Misty Valley Supply,Site Protection & Erosion,roll,"ASTM D6461 fabric, staked",2–3 days
MVS-EC-SF4,"Safety Fence — Orange, 4 ft × 100 ft","T-posts sold separately. Excavations, drop zones, no-go areas.",https://mistyvalleysupply.com/#/p/MVS-EC-SF4,44.00 USD,in_stock,new,Misty Valley Supply,Site Protection & Erosion,roll,HDPE barrier mesh,2–3 days
MVS-EC-SB100,"Sandbags — Empty, Woven PP, Bundle of 100","Fill on site. Ballast, hold-downs, inlet protection, water diversion.",https://mistyvalleysupply.com/#/p/MVS-EC-SB100,52.00 USD,in_stock,new,Misty Valley Supply,Site Protection & Erosion,bundle,"Woven PP, UV-treated, 14 × 26 in",2–3 days
MVS-PT-448,"Post — 4×4×8 PT #2, Ground Contact","Guard posts, stair posts, light framing. Actual 3-1/2 × 3-1/2.",https://mistyvalleysupply.com/#/p/MVS-PT-448,11.85 USD,in_stock,new,Misty Valley Supply,Decking & Outdoor Lumber,EA,"PS 20, UC4A ground contact",Same day
MVS-PT-668,"Post — 6×6×8 PT #2, Ground Contact",The deck support post. Actual 5-1/2 × 5-1/2. Cut end gets field preservative.,https://mistyvalleysupply.com/#/p/MVS-PT-668,29.50 USD,in_stock,new,Misty Valley Supply,Decking & Outdoor Lumber,EA,"PS 20, UC4B ground contact",Same day
MVS-PT-2812,Joist — 2×8×12 PT #2 SYP,"Deck joists, ledgers, rim. Crown up. 16 in o.c. spans to the R507.6 table.",https://mistyvalleysupply.com/#/p/MVS-PT-2812,14.75 USD,in_stock,new,Misty Valley Supply,Decking & Outdoor Lumber,EA,"PS 20, SYP #2, UC3B",Same day
MVS-PT-21012,Beam Stock — 2×10×12 PT #2 SYP,Doubled for deck beams; also the stair-stringer blank.,https://mistyvalleysupply.com/#/p/MVS-PT-21012,21.50 USD,in_stock,new,Misty Valley Supply,Decking & Outdoor Lumber,EA,"PS 20, SYP #2, UC3B",Same day
MVS-PT-5412,"Deck Board — 5/4×6×12 PT, Radius Edge","Actual 1 × 5-1/2. Lay bark side down, gap 1/4 in wet-to-wet.",https://mistyvalleysupply.com/#/p/MVS-PT-5412,12.95 USD,in_stock,new,Misty Valley Supply,Decking & Outdoor Lumber,EA,"PS 20, UC3B, radius edge",Same day
MVS-PT-248,Rail Stock — 2×4×8 PT #2,"Guard rails, blocking, stair framing. Exterior fasteners only.",https://mistyvalleysupply.com/#/p/MVS-PT-248,6.45 USD,in_stock,new,Misty Valley Supply,Decking & Outdoor Lumber,EA,"PS 20, UC3B",Same day
MVS-PT-BAL,"Baluster — 2×2×42 PT, Beveled",One per 5-1/2 in of rail run keeps the sphere out. Sold by the bundle in spirit.,https://mistyvalleysupply.com/#/p/MVS-PT-BAL,1.95 USD,in_stock,new,Misty Valley Supply,Decking & Outdoor Lumber,EA,"PS 20, UC3B",Same day
MVS-HD-LUS28,"Joist Hanger — 2×8, Double-Shear, G90",Face-mount. Fill every hole with the listed hanger nail or screw.,https://mistyvalleysupply.com/#/p/MVS-HD-LUS28,2.10 USD,in_stock,new,Misty Valley Supply,Decking & Outdoor Lumber,EA,"ASTM A653 G90, 18 ga",Same day
MVS-HD-ABU66,"Post Base — 6×6, Standoff, ZMAX",1 in standoff keeps end grain out of the puddle. Anchors to the footing.,https://mistyvalleysupply.com/#/p/MVS-HD-ABU66,28.50 USD,in_stock,new,Misty Valley Supply,Decking & Outdoor Lumber,EA,ASTM A653 G185 (ZMAX),Same day
MVS-FS-STR50,"Structural Screws — 1/4 × 3 in, 50 ct",Ledger and hardware duty. A lag alternative with a published report.,https://mistyvalleysupply.com/#/p/MVS-FS-STR50,44.00 USD,in_stock,new,Misty Valley Supply,Decking & Outdoor Lumber,box,"ICC-ES evaluated, coated",Same day
MVS-CN-80,Concrete Mix — 80 lb Bag,About 0.6 cu ft per bag. Three bags fills a 10 in tube 30 in deep.,https://mistyvalleysupply.com/#/p/MVS-CN-80,6.50 USD,in_stock,new,Misty Valley Supply,Decking & Outdoor Lumber,bag,"ASTM C387, 4,000 psi",Same day
